Full Name,Phone,Email,Church,School,State,Zone,Attendance Status
Emmanuel Caleb ,07046460193,ecaleb578@gmail.com,God's Glory Assembly,UNKNOWN,Osun,6,Not Checked In
Ekpenyong Godwin Samuel,+2348131591576,ekpenyongodwin123@gmail.com,New life Owode chuch,Federal Polytechnic Ede,Osun,1,Present
Odeyale Pelumi,09069289753,Miraclepelumi191@gmail.com,New life Gospel Church kano.,Graduate ,Kano,4,Present
Jerry olawale ,09132464472,jaynationworld@gmail.com,Ashabiokin assembly ,Graduate ,Osun,6,Present
MOJISOLA OGUNDARE,08149411698,mojisolaogundare2005@gmail.com,Nil,UNIOSUN ,Osun,Unknown,Present
Owolabi Oluwasemilore Kehinde .,08056276854,owolabiolawunmi633@gmail.com,New Life Gospel Church ( NLFANM ).,Aspirant.,Ogun,2,Present
Joshua Adesanmi,09017187019,mjoshforge@gmail.com,"Alagbado Church, Sango Area ",Leadcity University Ibadan ,Ogun,2,Not Checked In
Eniola Testimony ,8119564890,eniolatestimony ,Nlcf,Eku,Ekiti,Unknown,Not Checked In
Oyesanwo Abigael Oluwatimilehin ,07011025854,oyesanwooluwatimilehin@gmail.com,"New Life Gospel Church IFAKO, AGEGE.",Obafemi Awolowo University ,Lagos,2,Not Checked In
Taiwo Ojo,09034483603,taiwoojo127@gmail.com,New life gospel church ,UNKNOWN,Ogun,10,Present
Ariyo Arike,08141315854,pamilerin142006@gmail.com,New Life Gospel Church ,Obafemi Awolowo University ,Osun,1,Present
Olawuyi Oluwagbenga John ,"08099691032, 08121068566",Lordgbenga05@gmail.com,"New Life Gospel Church, Oke - Aro, Agege area, Zone 2.",UNKNOWN,Lagos,2,Present
Ayinde Micheal,08130336574,ayindemike2020@gmail.com,Agege,UNKNOWN,Lagos,2,Not Checked In
melody ademola awelewa,07015503905,melodyawelewa7@gmail.com,idanre ayeyemi,Nigeria defense academy ,Ekiti,3,Not Checked In
Oloruntola Abigeal Ifeoluwa,09044132634,oloruntolaabigeal5@gmail.com,New life church Ikorodu,OOU,Ekiti,2,Not Checked In
Adesina Toluwani ,09161721088,toluwaniadesina0504@gmail.com,NLGC,Lautech ,Oyo,2,Present
Akande Precious Emmanuel ,08143566277,pemmaus4@gmail.com,NLGC aule,Nil,Ekiti,3,Present
Dada omowunmi Esther,09046865147,omowunmidada111@gmail.com,NLCF,Olabisi onabanjo ago iwoye,Ogun,8,Not Checked In
Olubanjo Ibukun ,08169430118,Ibukunbanjo@gmail.com,New life gospel church Oluseyi zone 1 ,Tai Solarin Federal University Of Education,Oyo,1,Present
Adenike Ajala,08113227182,adenikeajala2018@gmail.com,COG,Nil,Lagos,2,Present
Olubode Winner Aduramigba ,07034748951,Winnerolubode44@gmail.com,UNKNOWN,UNKNOWN,Oyo,Unknown,Not Checked In
Gabriel Ajewole,09026320850,ajeawesome01@gmail.com,UNKNOWN,UNKNOWN,Lagos,Unknown,Not Checked In
Oladejo Feyikemi,08072165706,oladejofeyikemi64@gmail.com,New Life Campus Fellowship,Ekiti State University ,Ekiti,6,Not Checked In
KAYODE EMMANUEL OYADEYI ,09136813083,oyadeyik@gmail.com,Zone 11 Ilaro area Leslie Branch ,Highest institution ,Ogun,11,Present
Joseph Titilayo,07030595607,gloriousjoseph625@gmail.com,Nlcf lautech,Lautech,Oyo,9,Not Checked In
Daniel Adeniji,08154880803,danieladeniji024@gmail.com,NLGC Obada,Olabisi Onabanjo University ,Ogun,10,Present
Oluwatitofunmi Temidayo David,07025840671,titod3211@gmail.com,New Life Gospel Church Agege,UNKNOWN,Lagos,2,Not Checked In
Joshua Adetunji ,07086595981,jfadetunji@gmail.com,"New life Gospel Church, Ibasa ",UNKNOWN,Lagos,2,Present
Janet Oyebade Ifeoluwa,09014131809,omoduniifeoluwa@gmail.com,New Life Gospel Church Agiliti,Lagos state university of science and technology ,Lagos,2,Present
Olagoke Darasimi Goodness ,08050828210,olagokedarasimi07@gmail.com,New life Gospel church New Eruwa,Lautech ,Oyo,8,Not Checked In
Adeyejesu Oluwanisola ,08140768518,Osibowalesolalucas2021@gmail.com ,Newlife gospel church ,UNKNOWN,Ogun,10,Present
Odewande Feranmi,07041907601,odewandeferanmi18@gmail.com,New life Gospel Church ikirun ,University of ilesa ,Osun,6,Not Checked In
Josh Titilayo,0703059566,gloriousjoseph625@gmail.com,UNKNOWN,UNKNOWN,Oyo,Unknown,Present
Shorinola Oyindamola ,07040709159,shorinolaoyindamola@gmail.com,New life Gospel church ,UNKNOWN,Ogun,8,Present
Oladejo Mercy ,08108191088,ayomide.oladejim@gmail.com,NEW LIFE GOSPEL CHURCH OKUKU ,Lautech ,Osun,9,Present
Abraham oluwapelumi Mercy ,07069762712,Abrahamoluwapelumi239@gmail.com,"New life Gospel church, ita oshin",UNKNOWN,Ogun,8,Not Checked In
Afolabi Favour Ireoluwayimika,09021254077,favourafolabi063@gmail.com,NLGC Iyesi branch ,Uniosun ,Ogun,2,Not Checked In
OKEGBOLA CHRISTIANAH ADEOLA,09051183978,adeolaokegbola0@gmail.com,NLCF EKSU ,EKSU ,Ekiti,8,Not Checked In
Japhet  Miraphic Rhoda,09072796333,japhetmiraphic33@gmail.com,New Life Gospel ,Ogun State College ,Ogun,10,Present
Fapohunda Dominion OluwaTosin ,09062725619,fapmotun0207@gmail.com,Sagamu Express area,Future Leader high school ,Ogun,10,Present
Yahuza Elijah ,07033719342,elijahyahuza@gmail.com,NLCF ,FUNAAB ,Ogun,8,Present
Aderonke Oluwaseyi Adediran,08137644375,ronkeadediran13@gmail.com,New Life for all ministry,University of Ibadan,Oyo,1,Present
Abraham Kehinde,08167743787,abrahamkenny16@gmail.com,New life Gospel Church Centre of Glory ,UNKNOWN,Lagos,2,Not Checked In
Ariyibi Taiwo Eniola ,09065519065,ariyibitaiwo626@gmail.com,NLCG Agege,UNKNOWN,Lagos,2,Not Checked In
David Bisola,08169755903,bisoladavid@gmail.com,New life Gospel church Ire akari assembly ,UNKNOWN,Ondo,3,Not Checked In
Alabi Marvelous Oyinkansola ,09075935362,alabimarvelous35@gmail.com,Miracle center Sagamu ,Babcock university ,Ogun,10,Present
Oyebamiji precious  Naomi ,0814 0858 312 ,Preciousoyebamiji5@gmail.com ,New life gospel church ,The Polytechnic Ibadan ,Oyo,1,Not Checked In
Gbadebo Oluwafemi ,09031578005,temiloluwaoluwafemi171@gmail.com,NLGC Ile Ife,Obafemi Awolowo University ,Osun,6,Present
AKINBODE GLORY ,08169496207,akinbodeglory374@gmail.com,Sango ,UNKNOWN,Ogun,2,Not Checked In
Oguntola precious morenikeji ,09072190220,oguntolaprecious6@gmail.com,New life church ilorin zone9,Ladoke Akintola university of Technology LAUTECH ,Oyo,9,Present
IGIRI Moses E.,08035458978,igirimoses@gmail.com,"NLGC IYANA IKEREKU, ABEOKUTA",UNKNOWN,Ogun,8,Not Checked In
Abraham Taiwo,09036818583,abrahamtaiwo70@gmail.com,Iremo church ,UNKNOWN,Osun,6,Present
Amblessed Ayomikun,09135397703,amblessedolop11@gmail.com ,"NEW LIFE GOSPEL CHURCH,OBANTOKO,ABEOKUTA ",OLABISI ONABANJO UNIVERSITY ,Ogun,8,Present
Fatoki Oluwole,08053479073,fatwol2k@gmail.com,New Life Gospel Church Olude,UNKNOWN,Osun,6,Not Checked In
Okerinmodun Dare,08067479693,okerinmodundare@gmail.com,NLGC Railway assembly Osogbo ,University of Ibadan ,Osun,6,Present
Amusan olamide Boluwatife,09036873013,amusanolamide3336@gmail.com,Modakeke,UNKNOWN,Osun,6,Not Checked In
Oladeji Tolulope ,08032303584,Oladejitolu22@gmail.com ,New Life kano ,New Life kano ,Kano,4,Not Checked In
Badmus Olakunle Omotayo ,08038015202,kunlebest11@gmail.com,NLGC Dada Estate ,UNKNOWN,Osun,7,Not Checked In
Damilare Favour Ayomide ,07085984357,favinioluwa@gmail.com,NLGC COG,UNKNOWN,Lagos,2,Not Checked In
Olumide Joy,09010810169,olumidejoy35@gmail.com,New Life Campus Fellowship The polytechnic ibadan ,The Polytechnic ibadan ,Oyo,1,Not Checked In
Akinsanya oluwadamilola blessing ,09071054055,akinsanyadami248@gmail.com ,New life ,Fuoye ,Ogun,2,Not Checked In
Ayomiposi Ayanfeoluwa ,07039830789,ayanfeoluwablessing2002@gmail.com,New life for all nation oke aro,UNKNOWN,Lagos,2,Present
Samuel olu Taiwo ,07030908827,samota207@gmail.com,NLGC Sagamu,NIMC,Ogun,10,Not Checked In
Ayomide Abimbade,09138287019,abimbadeayomide031@gmail.com,Life and peace evangelical church ,Lautech ,Oyo,Unknown,Not Checked In
Ajala Precious Adedoyin,09018708356,ajalaadedoyin558@gmail.com,"Eguasoyen, Benin City",.,Edo,7,Present
Jerome Damilola Ezekiel ,09039966119,damilolapaul71@gmail.com,NLGC BASIC CHURCH IDANRE,Adekunle ajasin university akungba akoko ,Ondo,3,Present
Ojo Marvelous Ipinnuoluwa ,08111373551,Themarvelousojo001@gmail.com,New life gospel church ,Federal University of Technology Akure ,Ondo,3,Present
Adewalure Taiwo Miracle,07070675082,taiwomadewalure409@gmail.com,New Life Gospel Church ,Adekunle Ajasin University Akungba ,Ondo,3,Present
Adewalure Kehinde Mercy ,09161392497,adewalurekehinde@gmail.com,BASIC ,Adekunle Ajasin University ,Ondo,3,Present
Bridget Funke,09073876410,bridgetolotu070@gmail.com,NLCF AAUA,AAUA,Ondo,3,Not Checked In
Akomolafe Oyindamola Deborah ,09068002723,deborahoyindamola47@gmail.com,New life Gospel church agagu road ,ADEKUNLE AJASIN  University Akungba Akoko,Ondo,3,Not Checked In
Abiodun Akano,08119929728,abbeyendowed@gmail.com,Sango Assembly ,Graduate,Lagos,2,Not Checked In
Oshibowale Toluwani Stephen,09132896450,ifeoluwatoyin2002@gmail.com,Ijebu Ode HQ,UNKNOWN,Ogun,10,Not Checked In
Atoyebi Janet damilola,08135224098,atoyebideborah563,Railway,UNKNOWN,Osun,6,Not Checked In
ogunwusi Isaac ,08141552613,UNKNOWN,iyesi church ,UNKNOWN,Ogun,2,Not Checked In
Damilare Favour Ayomide ,08103152692,favinioluwa@gmail.com ,New Life Gospel Church ,Graduate ,Lagos,2,Present
Praise Olaniyan,09042094064,akanisam71@gmail.com,Iyesi branch,Funaab,Ogun,2,Present
Adekunle taiwo,08166424465,Adekunletaye6642@gmail.com,Eyin peti,UNKNOWN,Ondo,3,Present
Ayanyinka Okunlade,09020342829,ayanyinkaokunlade@gmail.com,Ketu church,Lasustech ,Lagos,2,Present
Oladele Olamide Precious ,07045644839 ,oladelepolamide@gmail.com,New Life Campus Fellowship ,Federal University of Agriculture Abeokuta ,Lagos,Unknown,Present
Clement Boluwatife Kazeem,09030984543,kazeemclement@gmail.com,Nlgc Ilaro ,UNKNOWN,Ogun,11,Present
Precious Toluwanimi ,09032140988 ,adeotiprecious1@gmail.com,"Newlife Campus Fellowship, FUNAAB ","Federal University of Agriculture, Abeokuta ",Ogun,8,Present
Sunday Abigail ,09126115296,Abigailtemmy512@gmail.com,New life ,Corner stone ,Osun,6,Present
Oladejo Timileyin,08125526998,oladejotimileyin317@gmail.com,New Life Gospel Church ,Federal University of Agriculture Abeokuta FUNAAB ,Oyo,1,Present
Solomon Joshua,09038972268,solomonjoshua090@gmail.com,Bode olude,UNKNOWN,DIASPORA,8,Not Checked In
Tijesunimi Olubanjo,07088882350,olubanjotijesunimi@gmail.com,Iyana Barracks ,UNKNOWN,Oyo,1,Present
Afolabi Gift Oyindamola ,90961586124,giftoyindamola734@gmail.com,New Life Gospel Church ,FUNAAB ,Ogun,2,Not Checked In
Ogundapo Johnson Dolapo ,09066418344,ogundapojohnson@gmail.com,New life Campus Fellowship ,Adeseun Ogundoyin Polytechnic Eruwa ,Oyo,Unknown,Present
Adeyanju David Jomiloju ,08143168652,adeyanjudavid104@gmail.com,NLCF FUNAAB ,FUNAAB ,Ogun,8,Present
Ekundayo Damilare Blessing,07014827696,ekundayodamiblessing@gmail.com,NLGC COG,Ex-University of Lagos,Lagos,2,Present
Oluwapelumi Thomas Elegbeleye,8097068184,tom.lance198@gmail.com,Ijoko,UNKNOWN,Ogun,8,Not Checked In
Treasure Mary ,09050190028,treasuremary39@gmail.com,New life for all Nations Ministries ,UNILAG,Lagos,2,Not Checked In
Oyakhire Rhoda ,09076194031,rhodaoluwasemilore@gmail.com,Nlgc okearo,UNKNOWN,Lagos,2,Present
Oluwafemi Samuel ,08144681572,joshfem9@gmail.com,"New Life Gospel Church, Ijebu Ode",Obafemi Awolowo University ,Osun,10,Present
Fatunmbi Elijah Sunday ,08151808917,fatunmbielijah110@gmail.com,NLGC Oja-Odan ,UNKNOWN,Ogun,11,Present
Balogun oluwafemi Jude ,08132676347,balogunjude40@gmail.com,Akungba,UNKNOWN,Ondo,3,Not Checked In
Adeola Racheal ,09038351018,obakoya.adeola29@gmail.com,New Life Gospel Church ,Moshood Abiola Polytechnic ,Lagos,2,Present
Timothy Olaibi,09136710650,timothyolaibi8@gmail.com,New life campus fellowship ,Federal college of education ,Ogun,8,Not Checked In
Ganiu Ololade Nurudeen,09064218756,gololade65@gmail.com,"New Life Gospel Church, Ijoko Abeokuta ",UI,Ogun,8,Not Checked In
Ajibade Tosin Adeola,09160308078,codebytosin@gmail.com,New Life Campus Fellowship Abeokuta ,Federal College Of Education Abeokuta ,Ogun,8,Not Checked In
Grace Blessing,09160121437,babaleye332@gmail.com,Christ light abundance gospel ,EKSU ,Osun,3,Not Checked In
Makinde Nifemi Ifeoluwa ,07052664214,makindekehinde070@gmail.com,New Life Campus Fellowship Abeokuta ,Federal College Of Education Abeokuta ,Ogun,8,Not Checked In
Adesina happiness hadassah ,08143179114,UNKNOWN,Agility mile 12 branch,EKSU ,Lagos,2,Not Checked In
Seyifunmi onbudo,08052991483,seyifunmionibudo603@gmail.com,New life campus fellowship , Mapoly,Ogun,8,Not Checked In
Adeosun Christopher Idowu,08108126069,chriss.babaa@gmail.com,"New Life Gospel Church, Oke-Aro.",Osun state university,Lagos,2,Present
Oladejo Esther damilola ,08164856010,oladejoesther462@gmail.com,Adehun church ,UNKNOWN,Oyo,1,Not Checked In
Adeoye Timilehin ,08060628595,adeoyeoloruntimilehin@gmail.com ,Ketu,Maryland comprehensive secondary school ,Lagos,2,Present
Adesireola Esther ,08132373483,hardassahdesire20@gmail.com,"New life gospel church, oja odan ",UNKNOWN,Ogun,11,Present
Precious Toluwanimi ,09032140988,adeotiprecious1@gmail.com,"Newlife Campus Fellowship,  FUNAAB ","Federal University of Agriculture, Abeokuta ",Ogun,8,Not Checked In
Ayegboyin Victor ,09116160686,oshunolakehinde77@gmail.com,New Life Gospel Church.,LAUTECH ,Osun,6,Not Checked In
Opara Amarachi chigozie ,081 24778933 ,gracechigozie06@gmail.com ,Nlcf,The Polytechnic ibadan ,Oyo,Unknown,Not Checked In
James Mathew,08160621051,thebelieverstv13@gmail.com,Sango ota ,Nol,Lagos,2,Not Checked In
TITILAYO OLUSOLA,08110653937,olusolatitilayo2019@gmail.com,"New life  for all nation ministry, Gbode Igbo, Wire and cable, Apata. ",Gbode Igbo ,Ogun,1,Not Checked In
Oluwafemi odunayo,08150983035,Oluwafemiodunayo663@gmail.com,Oluseyi,UNKNOWN,Oyo,1,Present
Taiwo Damilola John ,09027947321,Taiwodamzy11@gmail.com,Nlcf,Tpi,Oyo,Unknown,Present
Agada Oluwaferanmi Michael ,09158695218,oluwaferanmiagada24@gmail.com,NLCF IREE ,OSUN STATE POLYTECHNIC IREE,Osun,6,Present
Olorunnisomo Joseph ayomide ,09033913109,Olorunnisomojoseph@gmail.com,Nlcf,Tpi,Oyo,Unknown,Not Checked In
Babatunde mayowa ,08137348265,mayowajanet777@gmail.com,Nlcf Eksu,Eksu,Ekiti,Unknown,Present
Afolabi Favour ,09136176480,UNKNOWN,UNKNOWN,UNKNOWN,Unknown,Unknown,Not Checked In
Oshunola Oluwaseun Esther,07030778968,esthergigaloluwa@gmail.com,"NLGC, Ifon-Osun",FPE,Osun,6,Present
Taiwo Rhoda ,09160916654,taiworhodaeniola2023@gmail.com,NLCF ,EKSU ,Ekiti,Unknown,Present
Adebayo Ojo Adetoyosi,08164154040,UNKNOWN,NLFN,UNKNOWN,Osun,6,Not Checked In
Olakunle Felix Bola ,09130843181 ,Olakunlefelix71@gmail.com,CAC Beulah land prayer ministry ,UNKNOWN,Ondo,3,Present
Owoyele Mofe,09128086649,owoyeleprecious22@gmail.com,New Life Sabo ojoo,University of Ibadan ,Oyo,1,Present
BANKOLE IMOLE EZEKIEL ,09065387411,bankoleimole11@gmail.com,GBOGIDI ILARO,FEDERAL POLYTECHNIC ILARO ,Ogun,11,Present
AKINYEMI BOLUWATIFE OLUWAPELUMI ,07077356960,akinyemiaminat72@gmail.com ,GBOGIDI ILARO ,Federal polytechnic Ilaro ,Ogun,11,Not Checked In
JIMOH MARIAM ABOSEDE ,09168815439,jimohmariam2023@gmail.com,NEW LIFE,OGUN STATE COLLEGE OF NURSING SCIENCES IJEBU ODE ,Ogun,Unknown,Not Checked In
Ogunsola Oluwabunmi Grace ,09061495509,oluwabunmigrace484@gmail.com,New Life Gospel Church ,UNKNOWN,Osun,9,Present
Gideon Olagoke,07035362233,gideonolagoke01@gmail.com,"New Life Gospel Church, New Eruwa ","Ekiti State University, Ado-Ekiti ",Oyo,8,Present
Sikiru Leah Temitope ,09022554778,sikiruleah@gmail.com,New life campus fellowship funaab ,Federal university of  Agriculture Abeokuta ,Ogun,2,Present
Ayegboyin precious oluwatominsin ,09019763809,precioustominsin2023@gmail.com,New life gospel church ,"Obafemi awolowo university,ile ife ",Osun,6,Present
Owolabi David ,07062926278,owolabid241@gmail.com,Sagamu Express branch ,University of Ilesa,Ogun,10,Present
Olagoke Darasimi Goodness ,olagokedarasimi07@gmail.com,olagokedarasimi07@gmail.com,New life Gospel church ,Lautech ,Oyo,8,Not Checked In
Oyedele Victor ,09136505868,Oyedeledominionisaac2006@gmail.com,Newlife gospel church okuku,Uniosun ,Osun,9,Present
Ajekiigbe Triumph,09056782648,ajekiigbetriumph9@gmail.com,Land of mercy,LAUTECH,Osun,6,Present
Timothy Daniel kehinde,07013531158,timothydanielkehinde2022@gmail.com,Ijesha-tedo,Oye,Lagos,2,Present
PRAISE AYOMIDE ADEBIYI,07014246287,adebiyipraiseayomide@gmail.com,New Life for all Nations Ministries,UNKNOWN,Ogun,2,Present
Olajide Favour Deborah,08145281202,olajidefavourdeborah@gmail.com,New life Gospel church land of mercy,LAUTECH,Osun,6,Present
Oluwapelumi Thomas Elegbeleye,09033169335,tom.lance198@gmail.com,Ijoko,UNKNOWN,Osun,8,Not Checked In
Odetunde Micheal oluwadarasimi ,09116735345,odetundemicheal3@gmail.com,New life Gospel church Abule Egba ,Fast track college ,Lagos,2,Present
Oyedepo Mayowa,09012597725,oyedepomayowa69@gmail.com,Center of glory ,UNKNOWN,Lagos,2,Not Checked In
Aladeniyi Mercy,08075068469,aladeniyimercy@gmail.com,"New life gospel church, Uso",Rufus Giwa Polytechnic Owo ,Ondo,3,Present
Oreoluwa Adetunji,07086093464,oadetunji748@gmail.com,Ibasa,National Open University of Nigeria ,Lagos,2,Present
Owolabi Ololade Opeyemi ,09122610778,owolabio712@gmail.com,NLGC,University of Ibadan ,Oyo,2,Present
Adetunji Tifeoluwa ,07012729355,adetunjiboluwatife77@gmail.com,New life ibasa ,Unilorin ,Lagos,2,Present
Ogunleye Oluwagbohunmi Favor ,08106849549,favoroluwagbo@gmail.com,New Life Gospel Church ,UNKNOWN,Ogun,2,Present
Oluwapelumi Ifeewa olamide,09046415098,oluwapelumiolamide942@gmail.com,NLGC ilaro / Ijebu ode,Graduate,Ogun,11,Not Checked In
James Victoria.,07017354084,oshunolakehinde77@gmail.com,New Life Gospel Church.,Nil,Osun,6,Present
Oluwapelumi Ifeewa olamide,08165351055,oluwapelumiolamide942@gmail.com,NLGC ilaro / Ijebu ode,Graduate,Ogun,11,Present
Adesina Phebe ,07077033231,phebeadesina30@gmail.com,Agility ,UNKNOWN,Lagos,2,Not Checked In
Olayemi Inioluwa Simeon ,07072378111,olayemiinioluwa9@gmail.com,New life gospel church sango ota,Federal polytechnic ilaro ,Ogun,2,Not Checked In
Aladela christianah olubukola,09076735003,christanahaladela2023@gmail.com,New life campus fellowship,Ekiti state university,Ekiti,Unknown,Present
Omotosho Taiwo Busayo ,07035378328,precioustb14@gmail.com,Asabiokin Assembly ,UNKNOWN,Osun,6,Present
Olajide oluwafunmilayo,08146747913,olajideoluwafunmilayo8@gmail.com,New life gospel church Leslie,West land Polytechnic,Ogun,8,Not Checked In
Lipede Racheal,07041991911,praiselyte1@gmail.com,Nlgc Abule Egba ,UNKNOWN,Lagos,2,Not Checked In
Akanbi Ameerat Oreoluwa ,08054880986,ameeratakanbi241@gmail.com,New life gospel church ,Osun state university ,Kwara,2,Present
Adeneye Olúwadunmininu ,08168855056,adeneyefavour04@gmail.com,New Life Gospel Church ,Obafemi Awolowo University ,Osun,8,Present
Idowu Deborah Damilola ,07037254938,idowudeborahdamilola@gmail.com,New life ,Federal Polytechnic Ilaro ,Ogun,11,Present
Timothy Victor Toluwani ,09159784208,victortoluwani123@gmail.com,New life Gospel church ,UNKNOWN,Lagos,2,Present
Peace Mojolaadura Oduwaiye,08164550903,oduwaiyepeace2006@gmail.com,Ketu ,Mountain Top University ,Ogun,2,Present
Oreoluwa Adeoye,08141316946,oreolu.adeoye@gmail.com,New life gospel church ketu,Mountain top university ,Ogun,2,Present
Victory Anuolurunpo Oduwaiye ,08066428756,victoryoduwaiye@gmail.com,Ketu,Fureh College ,Lagos,2,Not Checked In
Aladeniyi marvelous oluwarotimi,08109851917,folasadealadeniyi@gmail.com,UNKNOWN,Obafemi awolowo University ,Ondo,3,Present
SOROYE MARCUS OLABISI ,07084088795,marcuskelly368@gmail.com,Gbogidi church ,Federal polytechnic ilaro ,Ogun,11,Present
SOROYE DESMOND OBAFEMI ,09117374044,officerdmex@gmail.com,Gbogidi church ,Funnab ,Ogun,11,Present
AWELEWA DOMINION IYUNADE ,08139961305,awelewadominioniyunade@gmail.com,Gbogidi church ,Federal polytechnic ilaro ,Ogun,11,Not Checked In
Deborah Vincent ,09138227835,kehindedeborah2001@gmail.com,New life for All Nation ,Corper ,Delta,2,Present
Taiwo Jeremiah ,07051837415,taiwojeremiah980@gmail.com,New life gospel church ,Uniosun ,Lagos,2,Present
Abidemi Ayomide James ,09031817759,jamesabidemi68@gmail.com,UNKNOWN,Lautech ,Oyo,Unknown,Present
Idowu Moyinoluwa,08133531417,moyinoluwaidowu287@gmail.com,New life Ipetumodu,Graduate ,Osun,6,Present
Adeoye Erioluwa Shammah,09152343642,erioluwaaasham@gmail.com,Ketu Lagos zone 2,The Apostolic Church Grammar School,Lagos,2,Present
Oluwatooni Adesina,09134515322,oluwatooniadesina@gmail.com,"New life Gospel Church, Ketu",McPherson University ,Lagos,2,Present
Awelewa Melody Ademola ,07065589284,melodyawelewa7@gmail.com,zone 3,Nigeria defense academy ,Ondo,3,Not Checked In
Omidiji Deborah Aanuoluwapo ,07038915659,deborahomidiji233@gmail.com,Railway line assembly ,"Osun State College of Nursing sciences,Asubiaro ",Ondo,6,Present
Obatayo Eniola ,08163193171,obatayoeniola75@gmail.com,Asabiokin Iwo Assembly ,Federal University of Health Sciences Ila Orangun,Osun,6,Present
Olaniyi Joshua Oluwadamilare,07047561294,olaniyijoshuaoluwadamilare@gmail.com,NewLife Gop;e Church,Lautech,Oyo,9,Present
ADEBIYI Ayanfe Oluwafikunayomi ,09038258165,ayadebiyi620@gmail.com,New Life Gospel Church ,University of Ibadan,Oyo,2,Present
Emmanuel Olusegun,8155167088,emmanuelolusegun293@gmail.com,New life gospel Church ijebu ode ,Tasfued ,Ogun,10,Not Checked In
Taiwo Oluwabukunmi,07033426099,taiwoabosesde446@gmail.com,New life Center of Glory,Olabisi Onabanjo University,Lagos,2,Present
Oladosu pelumi ,07072730546 ,Pelumioladosu224@gmail.com ,New life gospel church ogijo ,Westland polytechnic Osun state ,Osun,2,Present
Testimony Oduwaiye ,09076906756,testimony.oduwaiye2009@gmail.com,Ketu,Anchor University lagos,Lagos,2,Present
Olawale Praise ,08140941932,olawalepraise06@gmail.com,Railway line ,UNKNOWN,Osun,6,Present
Afolabi Joy,09051663758,Ifeoluwa6002@gmail.com,"New Life Gospel Church,Oko",Abiola Ajimobi Technical University ,Oyo,9,Present
Adeagbo Oluwapamilerin Pelumi ,adeagbopamilerin57@gmail.com,adeagbopamilerin57@gmail.com,New Life Campus Fellowship EKSU ,Ekiti State University ,Ekiti,3,Present
Victory Oduwaiye ,08126607749,victoryoduwaiye@gmail.com,Ketu,Fureh College ,Lagos,2,Present
Esther Victor  Eniola ,09078276852,esthervictoreniola@gmail.com,Ketu,Nil,Lagos,2,Present
Abigail ,09028651782,elizabethkehinde895@gmail.com,New life campus fellowship ,Ekiti state university ,Ekiti,3,Present
Ayodele Faith ,09012259192,wonderfulfaith2005@gmail.com,New Life Gospel Church ,Obafemi Awolowo University ,Osun,6,Present
Afolabi Enoch,08108620281,enochafolabi86@gmail.com,New Life Gospel Church Iyesi branch ,FUOYE,Ogun,2,Present
Afolabi David ,07063616806,--------,New Life Gospel Church Iyesi branch ,De climax Academy ,Ogun,2,Not Checked In
Oyedeji Omowunmi,09162904252,kabiratoyedeji13@gmail.com,Nlgc Abule Egba,Nigeria Open University,Lagos,2,Present
Oyedeji Olamide,08132857683,kabiratoyedeji13@gmail.com,Nlgc Abule Egba,UNKNOWN,Lagos,2,Present
Taiwo Adediran,07056654947,taiwoadediran160@gmail.com,Nlcf funaab ,Funaab ,Ogun,8,Present
Israel Itumo,08141830245,itumoisrael51@gmail.com,NLCF EKsu ,Ekiti state university ,Ekiti,4,Present
Olayiwola Elizabeth IFEOLUWA,09074691258,olayiwolaelizabeth129@gmail.com,NLCF EKSU,EKITI STATE UNIVERSITY,Ekiti,3,Present
Okegbola Christianah Adeola,08103403156,adeolaokegbola0gmail.com,Nlcf,Ekiti State University,Ekiti,8,Not Checked In
Adeoye Ebunoluwa and Anuifeoluwa,08034591694,bolex4gos@gmail.com,Ketu,Secondary & Primary ,Lagos,2,Present
Bamigbade Oluwaseun,09011781907,alherivictoria@gmail.com,UNKNOWN,Lautech (graduate),Oyo,1,Present
Bamigbade Victoria,08056718541,UNKNOWN,UNKNOWN,UNKNOWN,Oyo,Unknown,Not Checked In
Tolulope Israel,08165587526,olafadtolz@gmail.com,COG,Nil,Lagos,2,Present
Adegoke Racheal ,rachealadetola204@gmail.com,rachealadetola204@gmail.com,Sango poly ,Atiba university ,Oyo,1,Present
Odubekun Jethro,+2347067130644,odubekunjethro@gmail.com,"NLGC,gwagwalada",Nil,FCT,5,Present
Abisekan Adeola,07035356757,abisekanadeola4@gmail.com,New life Gospel church ilaro,JECTECH,Ogun,11,Not Checked In
Akinola Uthman Akintunde ,07011482589,akintundeuthmanak@gmail.com,NLCF funaab ,Funaab ,Ogun,8,Present
Idowu oluwasola,09157583610,oluwasolaidowu54@gmail.com,Oke ela,itolu community High school ,Ogun,11,Present
Oyadeyi Daniel Olayemi,08124843855,danielolayemioyadeyi@gmail.com,Leslie ,Itolu community high school (snr),Ogun,11,Present
OYADEYI SAMUEL OLAMILEKAN,08137568322,oyadeyisamuelolamilekan@gmail.com,Leslie ,Itolu community high school ,Ogun,11,Present
Abisekan Oyindolapo ,09160751784,oyindolapoabisekan@gmail.com,New Life Gospel Church Gbogidi Ilaro,UNILORIN ,Ogun,11,Present
Akinola funmilayo ,07088743559,akinolaf680@gmail.com,Ibasa,The polytechnic Ibadan ,Lagos,2,Present
Akinnibosun Boluwatife Deborah ,08147893720,akinnibosunboluwatife0@gmail.com,Orimerunmu branch ,Adekunle Ajasin University ,Ogun,2,Present
Akinnibosun Oluwatobiloba Elizabeth ,09060139561,Oluwatobilobaakinnibosun@gmail.com,Orimerunmu branch ,Adekunle Ajasin University ,Ogun,2,Present
Caleb Emmanuel,09041181177,ecaleb578@gmail.com,Nlgc,UNKNOWN,Osun,6,Present
Abiola bisola titilayo,08141262817,Bisolatitilayo2018@gmail.com,Ado Ekiti ,UNKNOWN,Ekiti,3,Present
Igbasanmi tTomilola Racheal ,07030176869,Ayotomikelly@gmail.com,Ado Ekiti ,UNKNOWN,Ekiti,3,Present
Erinle ifeoluwa grace,07075161497,Erinle1604@gmaol.com,Ado Ekiti ,Adekunle Ajasin university ,Ondo,3,Not Checked In
Oladipupo Emmanuel Ayodele ,08102439713,Oladipupoe20@gmail.com,New Life Campus Fellowship ,Ekiti state university ,Ekiti,3,Not Checked In
Oshunola Kehinde,08103581714,oshunolakehinde77@gmail.com,New Life Gospel Church.,FUOYE ,Osun,6,Present
Goodness Oyeniyi,08143615867,ronke.go@gmail.com,New life gospel church ,UNKNOWN,Lagos,2,Present
Joseph Felicia.,09027187269,oshunolakehinde77@gmail.com,New Life Gospel Church.,Nil,Osun,6,Present
Ola Kehinde Oluwatunmise ,09114239447,olakehinde227@gmail.com,New Life Campus fellowship ,Ekiti State University ,Ekiti,3,Present
Goodness Oyeniyi,08053508124,chadadthreads@gmail.com,New life gospel church ,UNKNOWN,Lagos,Unknown,Not Checked In
OKEGBOLA CHRISTIANAH ADEOLA ,08147919158,adeolaokegbola0@gmail.com,New life Gospel Church ,EKSU ,Ekiti,3,Present
Ifeoluwa grace ,07089532716,Graceolamide10@gmail.com,UNKNOWN,Adekunle Ajasin university ,Ondo,3,Present
Alaba Enoch ,07066746838,alabaenoch6@gmail.com,Sagamu express area,Babcock University ,Ogun,10,Present
Itunu Omowumi Lawal ,09035000391,Itunuomoume@gmail.com,New life gospel church asabiokin,UNKNOWN,Osun,6,Not Checked In
Oladejo Boluwatife Abraham ,07053704425,oluwapelumiboluwatife98@gmail.com,NLCF futa,Federal university of technology Akure ,Ondo,Unknown,Present
Also Esther Oluwafunmilayo,09124597710,oshunolakehinde77@gmail.com,New Life Gospel Church.,Nil,Osun,6,Present
Gabriel Nathaniel Echeofun ,07087077049,nathanielgabriel75@gmail.com,Ilajue,Graduate,Osun,6,Not Checked In
Jerome success ,09134881455,psuccess438@gmail.com,Basic ,Liberty college ,Ondo,3,Present
Adegbaye oluwanifemi testimony ,08143560971,adegbayeoluwanifemi@gmail.com,New life gospel church basic ,Ilemobola girls high school ,Ondo,3,Present
Oguniran Damilola,07068382819,oshunolakehinde77@gmail.com,New Life Gospel Church.,FEDPOFFA,Osun,6,Present
Dare miracle ,08153526070,miracledare048@gmail.com,New life ,Messiah ,Ondo,Unknown,Present
Gloria Oni,09067649286,gloriaoni7@gmail.com,Mew life Gospel church,LAUTECH,Osun,6,Present
Akinmoyo busayo,09032710103,akinmoyobusayo53@gmail.com,Basic,messiah ,Ondo,3,Present
Oladapo kehinde ,09161689577,oladapokehinde42@gmail.com,Ayeyemi ,Fuoye ,Ondo,3,Not Checked In
Adekunle oluwaseun,07019834050,oluwaseunadekunle32@gmail.com,New life sango ,UNKNOWN,Ogun,2,Not Checked In
Oladapo kehinde ,09057021446,oladapokehinde42@gmail.com,Ayeyemi ,Fuoye ,Ondo,3,Present
Obatayo Israel ,08084206338,obatayoeniola75@gmail.com,Asabiokin Assembly Iwo ,Aipate Baptist Church Grammar School Iwo ,Osun,6,Present
Nathaniel Gabriel,08160407053,nathanielgabriel75@gmail.com,New Life Gospel church ,UNKNOWN,Osun,6,Present
Adewalure surprise,07071761863,surpriseadewalure@gmail.com,Basic,Bouesti,Ondo,3,Present
Oke success,08052405445,okesuccess445@gmail.com,Sango,UNKNOWN,Ogun,2,Not Checked In
Oguntola Moyinoluwa Precious ,09133869708,iyebiyewithjoy@gmail.com,New Life Campus Fellowship ,Obafemi Awolowo University ,Osun,6,Present
Olayemi Oreoluwa Timothy ,08035753767,yemitimi2004@gmail.com,New Life Gospel church Sango Ota ,UNKNOWN,Ogun,2,Not Checked In
Oshunola Taiwo Oluwabusayomi ,09159936410,oshunolaolubusayo@gmail.com,New life gospel church Ifon ,LAUTECH ,Osun,6,Present
Eyiolawi Mercy,08114305896,oshunolakehinde77@gmail.com,New Life Gospel Church.,FEDPEDE,Osun,6,Present
Sunday Emmanuel ,08123546075,franccurate@gmail.com,New life,Orolu high,Osun,6,Present
Oke success ,09033991768,okesuccess445@gmail.com,New life sango ,UNKNOWN,Ogun,2,Not Checked In
Adeyemo Ayomide James.,07084734991,oshunolakehinde77@gmail.com,New Life Gospel Church.,Nil,Osun,6,Present
Oguniran Isaac.,07032054060,oshunolakehinde77@gmail.com,New Life Gospel Church.,Nil,Osun,6,Present
Olayemi Olaoluwa ,08026436994,queenside9gmail.com,New Life Gospel church Sango Ota ,UNKNOWN,Ogun,2,Not Checked In
Emmanuel victor ,09015224217,Ve1244912@gmail.com,New life,Corner stone,Osun,6,Present
Favour Folashade Omoyemi ,+2347057170421,omoyemifavour2@gmail.com,NLCF ,OAU,Osun,6,Present
Oyelola Blessing ,07078035904,oshunolakehinde77@gmail.com,New Life Gospel Church.,Nil,Osun,6,Present
Julius Goodness ,08082332502,Godwingold@gmail.com,New life,Corner stone,Osun,6,Present
Olasunkanmi Ebenezer,08133556283,oshunolakehinde77@gmail.com,New Life Gospel Church.,Nil,Osun,6,Present
Ayegboyin Samuel Oluwadamilare,08146366558,samoluwadamilare461@gmail.com,"NLGC, Ifon-Osun",UNKNOWN,Osun,6,Present
Mary Audu,09072176144,Abigailtemmy512@gmail.com,New life ,Corner stone ,Osun,6,Present
Olusegun success,08134665232,belovedsuccess6@gmail.com,Ayeyemi ,University of Ibadan ,Ondo,3,Present
Emmanuel Mary ,09048590333,UNKNOWN,New life,Nil,Osun,6,Not Checked In
Akinsuyi Kehinde Opeoluwa ,08161807133,kehindeakinsuyi312@gmail.com,Basic church,OAUSTECH ,Ondo,3,Present
Adebiyi Marvellous,oluwademilademarvel2906@gmail.com,oluwademilademarvel2906@gmail.com,Abuleegba ,UNILORIN ,Ogun,2,Present
Oguniran Seun,07087134734,oshunolakehinde77@gmail.com,New Life Gospel Church.,Nil,Osun,6,Present
Sunday Agnes ,09121419885,oshunolakehinde77@gmail.com,New Life Gospel Church ,Nil,Osun,6,Present
Paul Rebecca Ofe ,09059532114,rebeccaofepaul344@gmail.com,New life gospel church,UNKNOWN,Ondo,3,Present
Oni Jethro.,08061141510,oshunolakehinde77@gmail.com,New Life Gospel Church.,Nil,Osun,6,Present
Adesina Hadassah Happiness ,07030806939,israelitumo53@gmail.com,Nlcf eksu,Ekiti state university ,Ekiti,3,Present
Oladipupo Emmanuel Ayodele ,09123218732,Oladipupoemmanuel2020@gmail.com,New Life Campus Fellowship ,Ekiti state university ,Ekiti,3,Present
Emmanuel Mary ,07018986963,gloriaoni7@gmail.com,New life,Nil,Osun,6,Present
Odetunde Dorcas ,7071229284,Harikeehardee234@gmail.com,Abule egba,Osun state university ,Osun,2,Present
Popoolaemmanuel ,08154041300,popoolaemmanuel056@gmail.com,Ijoko,UNKNOWN,Ogun,8,Present
Ibrahim iteoluwakiisi ,08136914309,iteoluwalizzy08@gmail.com,Agagu assembly ,Nacon,Ondo,3,Present
Anatomy victor ,09039067363,Abayomivictor40@gmail .com,Alade,Methodist ,Ondo,3,Present
Bamidele Joy ,08079846488,bamidele4oy@gmail.com,New life Zone 8 ,UNKNOWN,Unknown,6,Present
Nathaniel princess Ngozi,08103519163,nathanielprincess406@gmail.com,New life Ijebu-ode,ijebu-ode,Ogun,10,Present
Bamidele Olabisi Oyinkansola ,09038246085,boyinkansola968@gmail.com,New life Zone 10,UNKNOWN,Ogun,10,Present
Omosekoko Folakemi Sarah,08159199208,omosekokofolakemi@gmail.com,New life Zone 10,UNKNOWN,Ogun,10,Present
O Asogwa oluwaseyifunmi,08123697376,Morenikejionasoga@gmail.com,New life Ijebu ode,Ijebu ,Ogun,10,Present
Ibrahim eriouwa ,iteoluwakiisielizabeth@gmail.com,iteoluwakiisielizabeth@gmail.com,Agagu assembly ,Command day secondary school ,Ondo,3,Present
Taiwo Timileyin,07047713726,Taiwo timilehin87@gmail.com,New life gospel church ,Tasfued,Ogun,11,Not Checked In
Micheal ,2348104685983,Olamilekanomileye240@gmail.com,New life ,Eksu,Ekiti,Unknown,Present
Samuel Avooreremi Sunday,08082396501,avooreremi@gmail.com,Lokoja 2,Federal University Lokoja,Kogi,5,Present
Kayode Abiodun ,08033722433,abiodunkayode053@gmail.com,New life basic church ,University ,Ondo,1,Present
oladejo favour,08145989275,oladejofavour@gmail.com,"Awe,oyo",UNKNOWN,Oyo,1,Present
OLADEJO JOSHUA,09039778329,oladejojoshua246@gmail.com,Mosfala,UNKNOWN,Oyo,1,Present
BANKOLE NIFEMI,09038355205,oluwanifemibankole4@gmail.com,New life ,UNKNOWN,Ogun,11,Not Checked In
Olaiya Dorcas,08116582138,oluwajoshua12@gmail.com,Mosfala,UNKNOWN,Oyo,1,Present
Daniel Clement ,09069459085,Avooreremi@gmail.com,Lokoja 2,FUL,Kogi,5,Present
Adeyinka Matthew Adewoyin ,07057637581,matthewadewoyinadeyinka@gmail.com,"New Life Gospel Church Oko,Oyo State ",UNKNOWN,Oyo,9,Present
Daniel Adewale,08088487148,ogundele141214@gmail.com,New life,UNKNOWN,Ogun,11,Not Checked In
Joy Temitope Odelade ,07063755878,joyodelade2020@gmail.com,NLCFOAU,Obafemi Awolowo University ,Osun,6,Present
Oladejo Mary ,0705 665 7260,Simiola204@gmail.com,Awé ,University of Ilorin ,Kwara,1,Present
Hezekiah Bridget,07081059838,ifeoluwa6002@gmail.com,New life gospel church oko,Aaua,Ondo,9,Present
Ojekunle Nifemi,08039259574,UNKNOWN,Railway line ,Secondary ,Osun,6,Not Checked In
Adegboyega Timothy Aanuoluwapo ,08114197729,timothyadegboyega15@gmail.com,New Life Gospel Church Oko Oyo State ,UNKNOWN,Oyo,9,Present
Ajayi Peace,08135816461,wonderfulfaith2005@gmail.com,New Life Gospel Church ,Uniosun ,Osun,6,Present
Hezekiah Mary,08025747743,ifeoluwa6002@gmail.com,New life gospel church oko,UNKNOWN,Oyo,9,Present
Hambolu Opeyemi Deborah ,07072945476,amboluopeyemi442@gmail.com,New Life Campus Fellowship Ede ,Federal Polytechnic ede ,Osun,6,Not Checked In
Oyewumi Joshua ,08080662483,joshuaoyewumi46@gmail.com,New Life Gospel Church Oko Oyo State ,UNKNOWN,Oyo,9,Present
Adewunmi Daniel Oluwatobiloba ,08101160615,adewunmidaniel1807@gmail.com,New life gospel church ,Ijebu ode,Ogun,10,Present
Oladejo Goodness,07040379362,goodnessoladejo591@gmail.com,Okuku,Fuoye,Osun,9,Present
Olrunnisola Rhoda ,09134929570,holurhoda@gmail.com,Gbogide,Solid rock ,Ogun,11,Present
Elujulo Moses,07070494062,UNKNOWN,Ibadan,Ariyo,Osun,1,Present
Peter martha,09129223044,adeniyiprecious11@gmail.com,UNKNOWN,UNKNOWN,Osun,6,Present
Babalola Bright Ayobami,09130658265,brightbabalola1999@gmail.com,Nlgc Ejigbo,UNKNOWN,Osun,9,Present
Adeniran Favour ,08152690250,oyinlolapreciousoguntola@gmail.com,New life church ilorin zone9 ,Unilorin ,Kwara,9,Present
David precious ,08155358258,oyinlolapreciousoguntola@gmail.com,New life church ilorin zone9 ,Kwasu,Kwara,9,Present
Taiwo adeola,07066414695,UNKNOWN,Ikene,UNKNOWN,Ogun,10,Present
Ogunwale Gideon ,09033533138,ogunwalegideonv@gmail.com,Ilora oyo ,Federal polytechnic ,Oyo,1,Not Checked In
Bamigbade emmanuel ,09113583624,Emmanueldesignstudio6@gmail.com ,New life gospel church,Unilorin,Kwara,9,Present
Adegboye Esther ,08080603587,wonderfulfaith2005@gmail.com,New Life Gospel Church ,Glittery ,Osun,6,Present
Deborah Oluwatoyin Adeyemi ,09032761958,adeyemideborah88@gmail.com,New Life Gospel Church (Express Area),Nil,Ogun,10,Present
Kuyebi Rhoda,08038537817,UNKNOWN,Abeokuta ,UNKNOWN,Ogun,8,Present
Olopade Deborah tinuade ,08165814889,Debbyolopade@gmail.com ,New life Gosple church ,Maryam abacha ,Kano,5,Present
David Bisola ,08030606040,bisoladavid0@gmail.com,Ire akari,No,Ondo,3,Present
Adewumi Daniel Ayomide ,09133382125,Princedominic2005@gmail.com,Newlife gospel church okuku area4,Secondary sch ,Osun,9,Present
Taiwo Timileyin,08103295771,taiwotimileyin@gmail.com,Nlgc Ijebu Ode,UNKNOWN,Ogun,10,Present
Aina Rebecca Ayomide ,08146526399,ainarebecca2004@gmail.com,NEW LIFE CAMPUS FELLOWSHIP ,Federal Polythenic Ede,Osun,6,Present
Aanuoluwapo Esther Ogundapo,09038431027,mercyanu722@gmail.com,"NLGC, Christ Model Assembly, Olude",UNKNOWN,Osun,6,Present
Omidiji Dorcas ,07081999249,deborahomidiji233@gmail.com,Railway line ,Secondary ,Osun,6,Present
Sajrani Eniola,08078063450,eniolaibukunoluwa03@gmail.com,New life campus fellowship ,UI,Oyo,10,Present
Omidiji Dorcas,07062333176,UNKNOWN,Railway line ,GoF International School ,Osun,6,Not Checked In
Osagie osamede ,08106915517 ,edeosagie8@gmail.com ,New life For all nations ministry ,Delta state University ,Edo,7,Present
Adeniyi precious,08145291362,adeniyiprecious11@gmail.com,Ogo-oluwa,UNKNOWN,Osun,6,Present
Olajide Elizabeth ,08135640598,elizabetholajide3@gmail.com,NewLifeGospelChurchOsogbo,UNKNOWN,Osun,6,Present
Bolarinwa Anuoluwa Grace,07979265229,aanubolarinwa@gmail.com,UNKNOWN,UNKNOWN,Unknown,Unknown,Present
Ogundeji Blessing,08157082899,ogundejichristianah78@gmail.com,New life church ,UNKNOWN,Osun,6,Present
Pelumi Joshua ,08114274831,olurounbipelumijoshua@gmail.com,Iyana Barracks ,Emmanuel Alayande University,Oyo,9,Present
Bamidele Emmanuel O,08078295841,bamidelejoy2025@gmail.com,New life church ,UNKNOWN,Osun,6,Present
Micheal Mayowa,07033851452,michealmayowa999@gmail.com,"New life gospel church,ogo oluwa ",University of ilorin ,Osun,7,Present
Oyedele Gloria ,09037497413,bridgetgloria8@gmail.com,New life gospel church okuku ,Osun state university ,Osun,9,Present
Olawale Richard,09158027921,olawalerichard2007@gmail.com,Railway line ,UNKNOWN,Osun,6,Present
Ojekunle Pamilerin ,08039797412,UNKNOWN,Railway line ,Secondary ,Osun,6,Not Checked In
Kolade Ayomiposi,08139307348,koladeayomiposi1234@gmail.com,New life church ,UNKNOWN,Osun,6,Present
Ayodele Joshua Oluwapelumi ,08110234813,ayodelejoshua1312@gmail.com,Owode Church ,CAC Grammar School Araronmi Osogbo ,Osun,6,Present
Ajani Simeon,09059303242,UNKNOWN,Railway line ,UNKNOWN,Osun,6,Present
Okerinmodun Oluwatoyin  C,08037305521,hoyeyemi100@gmail.com,Railway assembly,UNKNOWN,Osun,6,Present
James Blessing ,09168778173,ifeoluwaogunniran2020@gmail.com,Dagbolu ,Secondary ,Osun,6,Present
Ademola Samuel ,07015629316,Ademolasamuel249@gmail.com,New life gospel ,UNKNOWN,Osun,6,Present
Kolade Ruth,07015572154,onlineace85@gmail.com,Zone 6,UNKNOWN,Osun,6,Present
Omotosho Dara,09018931033,wonderfulfaith2005@gmail.com,New Life Gospel Church ,Osho Gram,Osun,6,Present
Oyatoro Daniel,08032089235,UNKNOWN,Railway line ,UNKNOWN,Osun,6,Present
Ayoola Suzan Gloria,07037624831,ayoolasuzangloria247@gmail.com,Ejigbo,LAUTECH,Osun,9,Present
Bamidele Joy ,08053243722,bamidelejoy2020@gmail.com,NewLifeGospelChurchOsogbo,UNKNOWN,Osun,6,Not Checked In
Awodele Ifeoluwa ,08104800974,ifeoluwaogunniran2020@gmail.com,Dagbolu ,UNKNOWN,Osun,6,Present
Adrwuyi Mercy Ibukunoluwa ,08134651519,princessanikkybaby@gmail.com,Railway,Fountain University ,Osun,6,Present
Adeniyi Emmanuel,07038306921,adeniyiprecious11@gmail.com,Ogo-oluwa,UNKNOWN,Osun,6,Present
Ajekigbe Testimony Dorcas,09062355685,testimonytabitha@gmail.com,Zone 6,UNKNOWN,Osun,6,Present
Adebayo Ojo Adetoyosi,08114282110,adebayoo421@gmail.com,New life Gospel Church ,Railway assembly ,Osun,6,Present
Atoyebi Deborah Oluwapelumi,08140979303,atoyebideborah563@gmail.com,Railway,OAU,Osun,6,Present
Akande Gideon ,08148005494,akandegideon04@gmail.com,New life gospel church ,Nill,Ogun,2,Present
Oyekale Janet ,08053740240,princessanikkybaby@gmail.com,Railway,UNKNOWN,Osun,6,Present
OLADELE Veronica ,09064362153,Ololadeveronica2@gmail.com,Railway line ,Graduate,Osun,6,Present
Ajayi Emmanuel ,08038271033,wonderfulfaith2005@gmail.com,New Life Gospel Church ,UNKNOWN,Osun,6,Present
Kolawole David ,07059218232,timilehinkolawole99@gmail.com,NewLifeGospelChurchOsogbo,Oau,Osun,6,Present
Umukoro Micheal,07055978071,holymannamicheal@gmail.com,Nlgc Ijebu Ode,UNKNOWN,Unknown,10,Present
Bademosi Darasimi,07076678123,darasimibademosi@gmail.com,Railway line ,UNKNOWN,Osun,6,Present
Bolarinwa Esther Oluwafunmilayo ,08106240146,estherbolarinwa27@gmail.com,UNKNOWN,UNKNOWN,Unknown,Unknown,Present
Ajekigbe Treasure,09056703262,testimonyajekigbe@gmail.com,NewLifeGospelChurchOsogbo,UNKNOWN,Osun,6,Present
Temitope Olawale,07048479845,temi63321@gmail.com,Baptist,UNKNOWN,Osun,6,Present
Adeniyi Emmanuel,08101325518,adeniyiprecious11@gmail.com,Ogo-oluwa,UNKNOWN,Osun,6,Not Checked In
Adeniyi Peace,08063021462,adeniyiprecious11@gmail.com,Ogo-oluwa,UNKNOWN,Osun,6,Present
Oyedele Victoria ,08083197902,gloriabridget8@gmail.com,"New life gospel church,okuku",University of osun state ,Osun,9,Not Checked In
Oladunjoye Ayomide,08061519221,adeniyiprecious11@gmail.com,Ogo-oluwa,UNKNOWN,Osun,Unknown,Present
Ogundeji Christiana,07079566308,bamidelejoy2020@gmail.com,New life church ,UNKNOWN,Osun,6,Present
Oni Moyinoluwa ,09119057223,moyinoluwaoni10@gmail.com,Railway Assembly ,UNKNOWN,Osun,6,Present
Atoyebi Damilola ,09026132422,wonderfulfaith2005@gmail.com,New Life Gospel Church ,UNKNOWN,Osun,6,Present
Abisekan Adeola,08160751784,abisekanadeola4@gmail.com,New Life Gospel Church Gbogidi ,Jonnyeko,Ogun,11,Present
Ademola Oluwabunmi,08105180339,ademolabunmi3@gmail.com,Railway line ,UNKNOWN,Osun,6,Present
Bello Jeremiah Olamilekan ,09056829175,jeremiahbello733@gmail.com,New Life Campus Fellowship ,Federal Polythenic Ede ,Osun,6,Present
KOLADE TIMOTHY damilare,08142776269,koladetimothy2020@gmail.com,new life gospel church  gwagwalada ,nil,FCT,5,Present
Ademola Kolade,09161131927,ademolakolade42@gmail.com,Railway line ,UNKNOWN,Osun,6,Present
TAIWO JOHN ,09115372675,taiwjohnolaoluwa2007@gmail.com,NEW LIFE GBOGIDI ,Federal Polytechnic Ilaro ,Ogun,11,Present
Alade Ayomide Racheal,08135532436,aladeayomide2006@gmail.com ,New life gospel Church ,Federal Polytechnic Ilaro ,Ogun,11,Present
Akinleys boluwaduro,09031549633,UNKNOWN,new life gospel church  gwagwalada ,nil,FCT,5,Present
Taiwo grace ,07036520848,holurhoda@gmail.com,Gbogide ,Faith in Christ ,Ogun,11,Present
Ademola Emmanuel ,09113076500,ademolakolade42@gmail.com,Railway line ,UNKNOWN,Osun,6,Present
Hambolu Opeyemi Deborah ,0708 507 3767 ,amboluopeyemi442@gmail.com,New Life Campus Fellowship Ede ,Federal Polytechnic ede ,Osun,6,Present
James Maria,08120625433,ifeoluwaogunniran2020@gmail.com,Dagbolu ,Secondary ,Osun,6,Present
Iyiola,Israel ,Iyiolaisraeliyiola@gmail.com,Basic,Church,Ondo,3,Present
Oladipo peace Adetola,09053299971,@peaceadetola16@gmail.com,Ogo oluwa,Oau,Unknown,Unknown,Not Checked In
Oladiyinbo idowu,09068724810,Oladiyinboidowuaina@gmail.com,Ipeti,Lead city,Ondo,3,Present
Olaniyi Abosede,09137342281,adeniyiprecious11@gmail.com,Ogo-oluwa,UNKNOWN,Osun,6,Present
Adepoju adeolu,08038595132,oyinlolapreciousoguntola@gmail.com,New life gospel church ilorin ,Lautech ,Kwara,9,Present
Odeyemi feranmi ,08161232773,odeyemiferanmi152@gmail.com,Ogo oluwa,Uniosun,Osun,6,Present
Oni Obaloluwa ,07060328294,moyinoluwaoni10@gmail.com,Power Assembly ,UNKNOWN,Osun,6,Present
Idowu Grace,08134607654,adeniyiprecious11@gmail.com,osun,UNKNOWN,Osun,6,Present
Adekunle Esther ,09160892165,adeniyiprecious11@gmail.com,osun,UNKNOWN,Osun,6,Present
Ojekunle Nifemi,07036306353,ifeoluwaogunniran2020@gmail.com,Railway ,Secondary ,Osun,6,Present
OJUGBELE BLESSING PHEBE ,08140555892,Ojugbeleblessing71@gmail.com,NEW LIFE GOSPEL CHURCH ,UNKNOWN,Ogun,11,Present
Adebayo Samuel ,07030845667,moyinoluwaoni10@gmail.com,Power Assembly ,UNKNOWN,Osun,6,Present
Adewale Temitope,08153948769,adeniyiprecious11@gmail.com,osun,UNKNOWN,Osun,6,Present
Adeniyi Oluwakemi ,07050785502,adeniyirosheedat9@gmail.com,New life Gospel ministry ,NLCF EDE,Osun,6,Present
Matthew Vincent ,07049623260,ifeoluwaogunniran2020@gmail.com,Dagbolu ,Secondary ,Osun,6,Present
Olaitan Beatrice Adesola,08135555771,adesolabeatrice8@gmail.com,Gbogidi ,UNKNOWN,Ogun,11,Present
Ogunwemimo Salome,08162468661,mercyanu722@gmail.com,"NLGC, Christ Model Assembly, Olude",UNKNOWN,Osun,6,Present
Okunade Boluwatife  Mathew ,09068320481,UNKNOWN,Newlife gospel Okuku area4,Uniosun ,Osun,9,Not Checked In
Micheal alice,07088741163,adeniyiprecious11@gmail.com,UNKNOWN,UNKNOWN,Osun,6,Present
ATOYEBI OLUWASOLA JOHN,07039000332,atoyebioluwasolajohn@gmail.com,Ikirun ,UNKNOWN,Osun,6,Not Checked In
Ajiboye Zachariah ,08026748416,oyinlolapreciousoguntola@gmail.com,New life church ilorin zone9 ,Lautech ,Kwara,9,Present
Oyekale omolola,09067945750,ifeoluwaogunniran2020@gmail.com,Railway ,Secondary ,Osun,6,Present
Ojekunle Pamilerin ,08083194228,ojekunleelizabeth17@gmail.com,Railway line ,UNKNOWN,Osun,6,Present
Ogunwemimo Miracle,07043664488,mercyanu722@gmail.com,"NLGC, Christ Model Assembly, Olude",UNKNOWN,Osun,6,Present
Abidemi Folake ,08058480687,moyinoluwaoni10@gmail.com,Power Assembly ,UNKNOWN,Osun,6,Present
Abatan Anuoluwapo ,08139582555,Abatananuoluwapo50@gmail.com,Gbogidi ,UNKNOWN,Ogun,11,Present
Ogunwemimo Joshua,09023339953,mercyanu722@gmail.com,"NLGC, Christ Model Assembly, Olude",UNKNOWN,Osun,6,Present
Okunade Boluwatife ,08134169465,Princedominic2005@gmail.com,Newlife gospel church okuku area4,Uniosun ,Osun,9,Present
Oladipo Joy,08034228730,peaceadetola16@gmail.com,UNKNOWN,UNKNOWN,Unknown,Unknown,Present
Ayeni daniel,08138279599,adeniyiprecious11@gmail.com,UNKNOWN,UNKNOWN,Osun,6,Present
Oladipo Glory ,07032264199,peaceadetola16@gmail.com,UNKNOWN,UNKNOWN,Unknown,Unknown,Present
Adetoro Patience,09079740358,adetoropatience97@gmail.com,"NLGC, Christ Model Assembly, Olude",UNKNOWN,Osun,6,Present
Olakiigbe Oyindamola Blessing ,0703 4752 615 ,oyindamolaolakiigbe@gmail.com,New Life Gospel Church Oko,University of Ibadan ,Oyo,9,Present
Adeosun Kehinde,08103058564,quinessential32@gmail.com,NLGC,Nil,Lagos,2,Present
Mamadelo Oluwaseun Adebodun,08130937701,mamadelooluwaseun@gmail.com,New Life gbogidi,Federal polytechnic ilaro,Ogun,11,Present
Adetoro Rehoboth,08035759410,adetororehoboth@gmail.com,"NLGC, Christ Model Assembly, Olude",UNKNOWN,Osun,6,Present
Oluwole Pelumi Samuel ,08108343354,oladejotimileyinjeremiah@gmail.com,New life  Gospel church ,Federal University of Agriculture Abeokuta ,Oyo,1,Present
Ogundapo Bright,08135968127,brightjoseph@gmail.com,"NLGC, Christ Model Assembly, Olude",UNKNOWN,Osun,6,Present
Godwin Akpan Iseoluwa ,9013619995,Akpangodwin065@gmail.com ,New Life Gospel Church ,UNKNOWN,Lagos,2,Not Checked In
Adetoro Zion,07031253998,adetoroziongmail.com,"NLGC, Christ Model Assembly, Olude",UNKNOWN,Osun,6,Present
Adebayo Paul ,08106628297,moyinoluwaoni10@gmail.com,Power Assembly ,UNKNOWN,Osun,6,Present
Akinboyewa David,07061242347,akinboyewadavid@gmail.com,COG,UNKNOWN,Lagos,2,Not Checked In
Faith Odewale,08103635871,temitopefaitheta@gmail.com,New Life,OAU,Osun,6,Not Checked In
Hammed Alaba,07088132742,oladejotimileyinjeremiah@gmail.com,New life  Gospel church ,Gbedeogun secondary school ,Oyo,1,Present
Godwin Akpan Iseoluwa,09013619995,Akpangodwin065@gmail.com ,New Life Gospel Church ,UNKNOWN,Lagos,2,Present
Peace Oladipo,08035253761,peaceadetola16@gmail.com,UNKNOWN,UNKNOWN,Unknown,Unknown,Present
Adeyemi Oluwadarasimi,08135424193,as heard I vine a gmail.com,"NLGC, Christ Model Assembly, Dada Estate",UNKNOWN,Osun,6,Present
Adegbite Oyedele,08131982396,oyedeleadegbite@gmail.com,NLCF ILARO,FPI ILARO,Ogun,11,Present
Olayinka Adejimi,+234 906 562 1702,yahuzailiya2020@gmail.com ,NEW LIFE,FUNAAB,Ogun,Unknown,Not Checked In
Adelabu Samuel ,09067145078,joycelovet69@gmail.com,New life gospel church ,The polytechnic ibadan,Oyo,1,Present
Olayinka Timothy,08039560772,olayinkatimothy@gmail.com,"NLGC, Christ Model Assembly, Dada Estate",UNKNOWN,Osun,6,Present
Olayinka Kehinde,07036817721,olayinkakenny@gmail.com,"NLGC, Christ Model Assembly, Dada Estate",UNKNOWN,Osun,6,Present
Olayinka Taiwo,07036789091,olayinkataiwo@gmail.com,"NLGC, Christ Model Assembly, Dada Estate",UNKNOWN,Osun,6,Present
OYELEKE  temitope,09064139779,Adenikky4u@gmail.com,Iyesi,Offa,Lagos,2,Not Checked In
OYELEKE  temitope,09122479535,Adenikky4u@gmail.com,Iyesi,Offa,Lagos,2,Present
Oyedele Abigail,08131304733,oyedeleabigail@gmail.com,"NLGC, Christ Model Assembly, Dada Estate",UNKNOWN,Osun,6,Present
Faith Odewale,07034680314,temitopefaitheta@gmail.com,"New Life, Osogbo",OAU,Osun,6,Present
Oyedele Favour,08148343494,oyedelefavour@gmail.com,"NLGC, Christ Model Assembly, Dada Estate",UNKNOWN,Osun,6,Present
Fatoba Blessing,08032734440,oyedelefavour@gmail.com,"NLGC, Christ Model Assembly, Dada Estate",UNKNOWN,Osun,6,Present
Fatoba Hannah,08035217999,fatobahannah@gmail.com,"NLGC, Christ Model Assembly, Dada Estate",UNKNOWN,Osun,6,Present
ATOYEBI OLUWASOLA JOHN,atoyebioluwasolajohn@gmail.com,atoyebioluwasolajohn@gmail.com,Ikirun ,Graduate ,Osun,6,Not Checked In
Oyerinde Kehinde,08039524080,moladejo394@gmail.com,Okuku ,Graduate ,Osun,9,Not Checked In
ATOYEBI OLUWASOLA JOHN,07039000332 ,atoyebioluwasolajohn@gmail.com,Ikirun ,Graduate ,Osun,6,Present
Gbabijo Precious Ayomikun,09051041136,UNKNOWN,New life church aba ode,UNKNOWN,Oyo,1,Present
Oyerinde Deborah ,07078307108,bridgetgloria64@gmail.com,Okuku ,Graduate,Osun,9,Present
Babalola Feyikemi praise,+2347035672389,Oluwafeyibabalola@gmail.com,Newlife Campus Fellowship ,Ladoke Akintola University of Technology ,Oyo,9,Present
Ayoade Christopher ,07044500259,ayoadechristopher9@gmail.com,Adedipe ,Osun State Polytechnic ,Osun,1,Present
TAIWO JOHN OLAOLUWA ,07072636150,taiwojohnolaoluwa2007@gmail.com,Gbogidi ,Federal polytechnic Ilaro Ogun State ,Ogun,11,Not Checked In
Bamigbade Deborah ,09130572443,boluwatifedeborah436@gmail.com,GCBC ,Lautech ,Oyo,1,Present
Kolawole olawale,09041517763,Ademolakolade42@gail.com,Railway line,UNKNOWN,Osun,6,Not Checked In
Hossanah Bashorun ,09138878280,hossanakasali@gmail.com,Oloola,University of Ibadan ,Oyo,1,Present
Akindele shalom,07034008132,Shalomifeoluwaakindele@gmail.com,New life gospel church ,School of health eleyele ,Oyo,1,Not Checked In
Adeshina Emmanuel ,09016356293,obatayoeniola75@gmail.com,Asabiokin Assembly Iwo ,Aipate Baptist Church Grammar School Iwo ,Osun,6,Present
Hezekiah Peace Peter,8117512102,peacepeter.klassic@gmail.com,New Life Gospel Church ,UNKNOWN,Oyo,9,Present
Seyifunmi owoseni,08057925154,Seyibenz6@gmail.com,New Life Gospel Church ,UNKNOWN,Ogun,10,Present
Kolawole olawale,08165217347,Ademolakolade42@gail.com,Railway line,Tender love ,Osun,6,Present
Stephen Tayo,08036501071,steveoluyi@gmail.com,Nlgc Ore,UNKNOWN,Ondo,7,Present
Udo Rapheal,09054329781,---,Egbe,---,Ondo,7,Present
Monday Daniel,07059150887,danielmd19p@gmail.com,Nlgc Epe,UNKNOWN,Ondo,7,Present
Samuel Kehinde ,09132576162,pecioustb14@gmail.com,Asabiokin ,Trader,Osun,6,Present
Akindele Shalom,09161467959,shalomifeoluwaakindele@gmail.com,Nlgc Sango,UNKNOWN,Oyo,1,Present
Adekitan Samuel ,08120722463,obatayoeniola75@gmail.com,Asabiokin Assembly Iwo ,Vico Hope International College ,Osun,6,Present
Mathew temitope ,08101496608,jaynationworld@gmail.com,Asabi okin,Student ,Osun,6,Present
Lamuye Israel ,09122293515,obatayoeniola75@gmail.com,Asabiokin Assembly Iwo ,Unity College Iwo,Osun,6,Present
Olaitan Mary ,07031336380,pecioustb14@gmail.com,Asabiokin Assembly ,UNKNOWN,Osun,6,Present
Oyeladun Matthew ,07025950352,obatayoeniola75@gmail.com,Kuta Assembly ,Kuta Community High School ,Osun,6,Present
Dauda Alia,07080984348,obatayoeniola75@gmail.com,Kuta Assembly ,Kuta Community High School ,Osun,6,Present
Alamu Rebecca,09037159551,obatayoeniola75@gmail.com,Kuta Assembly ,Kuta Community High School ,Osun,6,Present
Oyeniyi Enoch ,08126767959,jaynationworld@gmail.com,Asabi okin,Student ,Osun,6,Present
Tsokar Precious ,08129688928,pecioustb14@gmail.com,Asabiokin Assembly ,UNKNOWN,Osun,6,Present
Oguntunji David ,08141005001,obatayoeniola75@gmail.com,Kuta Assembly ,Kuta Community High School ,Osun,6,Present
Asafa Damilare,0700706 603 3632,obatayoeniola75@gmail.com,Asabiokin Assembly Iwo ,Precious School ,Osun,6,Present
Ogundele Tofunmi,08035314066,obatayoeniola75@gmail.com,Kuta Assembly ,Kuta Community High School ,Osun,6,Present
Oluwafemi Akinbola Joseph,09133405131,oluakinbola1@gmail.com,Bwari - Abuja,UNKNOWN,Ondo,5,Present
Favour Ekundayo ,08106860484,favour.ekundayo.flight@gmail.com,Center of Glory,UNKNOWN,Lagos,2,Present
Israel Boboye,08109923416,israelbob028@gmail.com,NLGC,UNKNOWN,FCT,5,Present
Emmanuel Oduwaye,08154761513,emmanueloduwaye240@gmail.com,"New life gospel church, Olola",UNKNOWN,Oyo,1,Present
Olatunde Precious Anuoluwa ,08074676536,olatundeprecious413@gmail.com,New life Gospel church Adesiyan ,Emmanuel Alayande University of education ,Oyo,1,Present
Dare Afolayan,07039436499,UNKNOWN,NLGC,UNKNOWN,FCT,5,Present
Enoch Bayode ,08140545384,bayodeenoch@gmail.com ,Zone 3,UNKNOWN,FCT,3,Present
Emmanuel David,09033512766,emmadav4real@gmail.com,Buari ,UNKNOWN,FCT,5,Present
favour okunlade,08178663466,favourokunlade@gmail.com,New life Ketu lagos,"Unilorin graduate, NYSC done.",Lagos,2,Not Checked In
Benjamin Adeneye,07068992183,adeneyebenjamin26@gmail.com,Nlgc Abeokuta,UNKNOWN,Ogun,8,Present
Victoria Adeneye,08163519457,adeneyebenjamin26@gmail.com,Nlgc Abeokuta,UNKNOWN,Ogun,8,Present
Oluwaferanmi Adeneye,09028303954,adeneyebenjamin26@gmail.com,Nlgc Abeokuta,UNKNOWN,Ogun,8,Present
Earnest Ademuyiwa,07052220168,earnestwise71@gmail.com,Nlgc Abeokuta,UNKNOWN,Ogun,8,Present
Ogundipe Emmanuel,09132056087,melodybeth63@gmail.com,Nlgc Abeokuta,UNKNOWN,Ogun,8,Present
Olopade Enoch,09043437329,olapadeenoch77@gmail.com,Nlgc Abeokuta,UNKNOWN,Ogun,8,Present
Emmanuel Olatunde,08142439835,UNKNOWN,Abeokuta ,UNKNOWN,Ogun,8,Present
Jeddypaul Samuel Osifomupo,08149372415,jeddypaulsamuel@gmail.com,New Life Ministry ,"Federal University of Technology, Akure",Oyo,1,Present
Ayodeji Temitope,08088517232,ayodejitemitope64@gmail.com,Nlgc Abeokuta,UNKNOWN,Ogun,8,Present
Ayodeji Nifemi,09123831307,nifemia129@gmail.com,Abeokuta,UNKNOWN,Ogun,8,Present
Ayodeji Ditaolu,07039198114,ditaoluayodeji@gmail.com,Nlgc Abeokuta,UNKNOWN,Ogun,8,Present
Edet Favour ,09161265437,UNKNOWN,Abeokuta ,UNKNOWN,Ogun,8,Present
Akinola Abibat,08151486176,abibatakinola32@gmail.com,Nlgc Abeokuta,UNKNOWN,Ogun,8,Present
Ojeniyi Racheal ,07058317422,UNKNOWN,Saje Abeokuta ,UNKNOWN,Ogun,8,Present
Olaitan ,09069271431,olusanyakehinde90@gmail.com,New Life Gospel Church O,UNKNOWN,Ogun,8,Present
Olaniyan Damilare,08064473596,olurounbipelumijoshua@gmail.com,Nlgc Abeokuta,UNKNOWN,Ogun,8,Present
Akinbola Fatimah,07061818391,akinolafatimah@gmail.com,Nlgc Abeokuta,UNKNOWN,Ogun,8,Present
Abioye Taiwo ,09073907280,ayomideabioye217@gmail.com,Musfala Ibadan,Federal school of Statistics ,Oyo,1,Present
Olayiwola Elijah,08089865151,ayomideabioye217@gmail.com,Nlgc Abeokuta,UNKNOWN,Ogun,8,Present
Olaosebikan Abiola ,07039587764,adisaabiola367@gmail.com,Eruwa ,UNKNOWN,Oyo,8,Present
Afolabi Gift Oyindamola ,09061586124,giftoyindamola734@gmail.com,Nlcf Funaab ,Funaab ,Ogun,8,Not Checked In
Adeneye Solomon,08130862837,adeneyesolomon8@gmail.com,Nlgc Abeokuta,UNKNOWN,Ogun,8,Present
Godswill Mayowa ,09061647614,prosper9k@gmail.com,New life Gospel Church ,University of Ibadan,Oyo,10,Present
Abisekam Adeola,08021441274,abisekanadeola4@gmail.com,Gogedi,Jechtech ,Ogun,11,Present
Fatoki Oluwapamilerin Praise,08038727486,fatokipamilerin88@gmail.com,Nlgc Ogbonmo Owo ,Adekunle Ajasin University Akungba Akoko ,Ondo,3,Present
DANIEL ,09038043453,gbengadaniel291@gmail.com,NLCF FUNAAB,FUNAAB,Ogun,8,Not Checked In
Nupo Taiwo Grace,08122696847,silifatatoke787@gmail.com,Nlgc Abeokuta,UNKNOWN,Ogun,8,Present
Akinyele Silifat,08169487487,silifatatoke787@gmail.com,Nlgc Abeokuta,UNKNOWN,Ogun,8,Present
Akinseye marvelous,08139067360,UNKNOWN,UNKNOWN,UNKNOWN,Ondo,3,Present
Akintunde Promise Oluwatobiloba,08100685584,Strategicmind12@gmail.com,New Life Campus Fellowship,ok,Ogun,8,Present
Aderibigbe saheed,09028314981,Saheedaderibigbe,Area 3,UNKNOWN,Ogun,8,Present
Fatoki Victor,09155107826,fatokvicky07@gmail.com,"NLGC, Christ Model Assembly, Olude",UNKNOWN,Osun,6,Present
DANIEL,09134324483,gbengadaniel291@gmail.com,NLCF FUNAAB,"Federal University of Agriculture, Abeokuta",Ogun,8,Present
Olagoke Susan,09122745026,olagokesusan89@gamil.com,Nlgc Eruwa,UNKNOWN,Oyo,8,Present
Peter David Idowu,08137606078,peterdavididowu1@gmail.com,NLCF FUNAAB ,FUNAAB ,Ogun,8,Present
Ariyo Israel,08102782683,ariyoisrael2025@gmail.com,New life gospel church ,Federal university of agriculture abeokuta,Oyo,1,Present
Eze Blessing,08027562586,akintundeuthmanak@gmail.com,NLCF funaab ,Funaab ,Ogun,8,Present
Afolabi Jomiloju,07066558281,jomilojuafo209@gmail.com,Nlgc Eruwa,UNKNOWN,Oyo,8,Present
Oladimeji Micheal OluwaFeranmi ,08169738640,oladimejimichael2009@gmail.com,NLCF FUNAAB ,FUNAAB ,Ogun,8,Present
Isaiah Elizabeth,08106023285,j@gmail.com,Nlgc Eruwa,UNKNOWN,Oyo,8,Present
oshibowale gideon,09135491462,oshisgideon053@gmail.com,COG,not in school ,Ogun,10,Present
Dickson Adeyemo,07018773734,oladejotimileyinjeremiah@gmail.com,New life  Gospel church ,Pegba secondary school ,Oyo,1,Present
Oyediji David Ayobami,09030642259,ayobamidavid755@gmail.com,UNKNOWN,FUOYE,Lagos,2,Present
Odunayo oladele,09159785712,Odunayooladele6@gmail.com,NLGC Ayetoro,UNKNOWN,Ogun,8,Present
Titilayo Jonathan Bamise,08166139450,UNKNOWN,Agege ,Sonmori sinour conphersive high school ,Oyo,2,Present
Oladeji Purity ,08058946480,purityoladeji26@gmail.com,Ijoko ,Osun State University ,Ogun,8,Present
Banjo Boluwatife Rachael,09018360083,banjoboluwatife9@gmail.com,NLCF Oluseyi ,UNKNOWN,Oyo,1,Present
Israel Popoola,08081839463,popoolafemi456@gmail.com,Iyana-Bararacks,UNKNOWN,Oyo,1,Present
Adesina israel,08028954501,adesinaieraelai737@gmail.com,Ketu church,UNKNOWN,Lagos,2,Present
Adeyemi Christianah ,07067472420,adeyemichristianah165@gmail.com,Ilaro,FUTI,Ogun,11,Present
Akinsanya Solomon,07071715923,Akinsanyardimeji@gmail.com,Ketu assembly ,Nill,Lagos,1,Present
Oluwo happiness,07084255110,adeyemichristianah165@gmail.com,Ketu,UNKNOWN,Lagos,2,Present
Akorede marvellous ,08103766618,Akoredemarvellous,Ketu,UNKNOWN,Lagos,2,Present
Boluwatife Adesope ,09113100369,Boluwatifeadesope19@gmail.com,New Life Gospel Church ketu ,Lautech ,Lagos,2,Present
Femi Salako,07037725757,shiningstar517@gmail.com,Cog,Comfak comprehensive college ,Lagos,2,Present
Gbadegesin Bisola,08126270190,bisolag902@gmail.com,Mosfala ,Funaab ,Oyo,1,Present
Ayobamidele Victoria Ayomide ,07030991978,victorialoveenah@gmail.com,"New life church,Orimerunmu",University of Ibadan ,Oyo,2,Present
Akinrodoye marvellous ,09131703045,akinrodoyemarvellous95@gmail.com,Basic idanre ,UNKNOWN,Ondo,3,Not Checked In
Glory Emmanuel,09075722604,ayomidegrace26@gmail.com,Rccg,The Polytechnic Ibadan ,Oyo,1,Present
Adewunmi Temitope,08151795862,omoduniifeoluwa@gmail.com,New Life Gospel Church Abeokuta ,UNKNOWN,Ogun,8,Present
Olaide Oyindamola,07010269301,omoduniifeoluwa@gmail.com,New Life Church ,UNKNOWN,Oyo,1,Present
Ademola Timothy,07013224117,ademolatimothy4@gmail.com,NEW LIFE CAMPUS FELLOWSHIP ,FUOYE,Ekiti,3,Present
Akanni Deborah ,08121619671,omoduniifeoluwa@gmail.com,New Life Gospel Church ,UNKNOWN,Ogun,8,Present
Darasimi Oshunola ,07058156113,timothyvictor490@gmail.com,"Zone 6, area 2",EKSU,Osun,6,Present
Adeoye Ifeoluwa,09121712261,ifeoluwaadeoye385@gmail.com,New Life Gospel Church Mosfala,Lautech ,Oyo,1,Present
Ben Richard Ariyo,09159499383,benrichardariyo@gmail.com,New life ,Aaua ,Oyo,1,Present
Eniola Adebayo,09061329194,omoduniifeoluwa@gmail.com,New Life Gospel Church ,UNKNOWN,Ogun,8,Not Checked In
Oyekola Semilore Dorcas,07046077965,Semiloreoyekola@gmail.com,New Life Gospel Church ,University of Ibadan,Osun,6,Present
Abiodun Mayowa ,08053736478,mayowaabiodun558@gmail.com,New life ,FUNAAB ,Ogun,8,Present
Olusola Israel,09051824641,omoduniifeoluwa@gmail.com,New Life Gospel Church ,UNKNOWN,Oyo,1,Present
Olusola Favour ,09163197094,omoduniifeoluwa@gmail.com,New Life Gospel Church ,UNKNOWN,Oyo,1,Present
Oso joy ,07048591359,Osojoy2018@gmail.com,Eleweran,Tasued,Ogun,10,Present
Ajibola Samuel ,08165274193,omoduniifeoluwa@gmail.com,New Life Gospel Church ,UNKNOWN,Oyo,1,Present
Abiodun Kayode,07048692218,omoduniifeoluwa@gmail.com,New Life Gospel Church ,UNKNOWN,Oyo,1,Present
Daniel Ariyo,09018295130,omoduniifeoluwa@gmail.com,New Life Gospel Church ,UNKNOWN,Oyo,1,Present
Victor Ojo,09161385049,omoduniifeoluwa@gmail.com,New Life Gospel Church ,UNKNOWN,Lagos,2,Present
Ogundare Beatrice Oladoyin,08103039113,Ogundarebeatrice138@gmail.com,Ikirun,Graduate,Osun,6,Not Checked In
Emmanuel Adedeji ,09168479747,abrahamtaiwo70@gmail.com,Igboya ,UNKNOWN,Osun,6,Present
Olayinka Do-Good ,09065621702,Adejimiolayinka2018@gmail.com,NLCF ,FUNAAB ,Ogun,8,Present
Oladejo Esther ,08076409985,oladejotimileyinjeremiah@gmail.com,New life  Gospel church ,Amazing grace international college,Oyo,1,Present
Adekunle Emmanuel ,07059748917,abrahamtaiwo70@gmail.com,Modakeke,UNKNOWN,Osun,6,Present
Koyejo-Alli Fuad ,08116476618,koyejoallifuad@gmail.com,Nlgc Ijebu Ode,Olabisi onabanjo university ,Ogun,10,Present
Oluwole Pelumi Samuel ,09021992935,Pelumioluwole147@gmail.com,New life Gospel Church ,Federal university of Agriculture Abeokuta ,Oyo,1,Present
Adeniyi idowu ,09168433484,abrahamtaiwo70@gmail.com,Ondo road ,UNKNOWN,Osun,6,Present
ELIJAH OLAYIWOLA,09119485904,drai.spiritual1@gmail.com,NLCF FUNAAB,FUNAAB,Ogun,8,Present
Dare peace,07031641911,darepeacet@gmail.com,Basic ,Achievers University Owo,Ondo,3,Not Checked In
GIFT AFOLABI,07056645114,therobotdoctor001@gmail.com,NLCF FUNAAB,FUNAAB,Ogun,8,Present
Ogunbiyi Boluwatife Ayomide,09134122081,bogunbiyi144@gmail.com,NLGC,Federal polytechnic ilaro,Ogun,8,Present
Ademola Ajala,08106521735,ademola2993k@gmail.com,COG Lagos,UNKNOWN,Lagos,2,Present
Ajibade Joseph ,08038603626,ajibadejoshfolusho@gmail.com,Area 3,UNKNOWN,Ogun,8,Present
Idowu micheal,07079973712,michealidowu8050,agege,UNKNOWN,Lagos,2,Present
Títílayò Paul pamilerin ,08068502020,UNKNOWN,Agege ,Lautech UNIVERSITY ,Oyo,2,Present
Olasoji Oluwatosin,07040262501,oluwatosinolasoji07@gmail.com,Ife,UNKNOWN,Osun,6,Present
Oluwafunmilayo Adegoroye,+2348118115184,fadegoroye4@gmail.com,UNKNOWN,"Federal University of Technology, Akure ",Ondo,Unknown,Present
Oloruntola peter,08146462445,Peteroloruntola30@gmail.com,NLGC COG,Nil,Lagos,2,Present
Oladeji Olabayo ,09064377844,bayoboyo93@gmail.com,Oluseyi,UNKNOWN,Oyo,1,Present
Timothy Dorcas taiwo,09163411288,timothydorcastaiwo@gamil.com,Ijeshatedo ,Fuoye,Lagos,2,Present
Kazeem Stephen ,08169805554,UNKNOWN,"New Life Gospel Church, Ilaro","Federal Polytechnic, Ilaro",Ogun,11,Not Checked In
Victoria Elegbede,09061484031,elegbedevictoria2006@gmail.com,Oloola,Lead City University ,Oyo,1,Present
Olayinka tofunmi,09118110742,aladeniyimercy@gmail.com,Oloola,UNKNOWN,Oyo,1,Present
Owoeye oluwadara,08146556253,UNKNOWN,Ketu,UNKNOWN,Lagos,2,Present
Adekanmbi Ayomide,09131070316,Adenikky4u@gmail.com,Ketu,UNKNOWN,Lagos,2,Present
Olusola taiwo,09042551750,taiwoolusola680@gmail.com,New life ,Kwara state University ,Kwara,1,Present
Salako Anuoluwapo,09032531523,Salakoanuoluwapo109@gmail.com,Cog,Florence day secondary school ,Lagos,2,Present
Olusola kehinde,09012241947,Olusolak586@gmail.com,New life ,Kwara state University ,Kwara,1,Present
Adeoye anuifeoluwa ,08063191828,erioluwaaasham@gmail.com,New Life Gospel Church ,The Apostolic church lawna Nursery and primary school ,Lagos,2,Present
Aremu boluwatife blessing,09072238173,ajikegold739@gmail.com,Adekile area,UNKNOWN,Oyo,1,Present
Ogunlade testimony ,07073852037,UNKNOWN,Adesiyan,UNKNOWN,Unknown,1,Present
Ogunlade Peace,08135553465,omoduniifeoluwa@gmail.com,New Life Gospel Church Ibadan ,UNKNOWN,Oyo,1,Present
Gbadegesin darasimi,09053379766,bisolag902@gmail.com,Mosfala ,UNKNOWN,Oyo,1,Present
Ademola Oluwafunmbi,09121625206,adekolapeace30@gmail.com,New Life Gospel Church Laketu ,University of Ibadan ,Lagos,2,Present
Jacob ,09059705939,Jacobjomiloju98@gmail.com,New life gospel church ,Poly Ibadan ,Oyo,1,Present
Oluwaseyi Goodluck ,08158744062,omoduniifeoluwa@gmail.com,New Life Gospel Church ,UNKNOWN,Ogun,8,Present
Fagbemi Paul olamide,08115200347,paulfagbrmi585@gmail.com,New Life Gospel Church ,Eruwa,Oyo,8,Present
Adeyeye Samuel,08178611452,adeyeysamuel50@gmail.com,Oloola,Nil,Oyo,1,Present
Ogundare Oladoyin Beatrice ,09153462164,Ogundarebeatrice138@gmail.com,Osogbo,Graduate ,Osun,6,Not Checked In
Olatunde princess adeola ,08115037512,olatundeprincess45@gmail.com,Adesiyan ,Emmanuel alayande University of education ,Oyo,1,Present
Abiodun Boluwatife Wuraola ,07089869430,boluwatifeabiodun772@gmail.com,New life campus fellowship lautech chapter ,LADOKE AKINTOLA UNIVERSITY OF TECHNOLOGY ,Oyo,9,Present
Abe Tolulope,09073321936,abetolulope80@gmail.com,Nlcf arena of mercy ,Ede,Osun,6,Present
Oladapo Samuel ,07036139745,omoduniifeoluwa@gmail.com,New Life Gospel Church ,UNKNOWN,Oyo,1,Present
Ayokunle Paul,09014643299,omoduniifeoluwa@gmail.com,New Life Gospel Church ,UNKNOWN,Ogun,8,Present
Emmanuel Orekha,08138933855,omoduniifeoluwa@gmail.com,New Life Gospel Church ,UNKNOWN,Oyo,1,Present
Elegbede Oluwapelumi,09077074599,omoduniifeoluwa@gmail.com,New Life Gospel Church ,UNKNOWN,Ogun,8,Present
Fatiregun ,Oluwatimilẹhin ,Tfatiregun@gmail.com,IYANA BARRACKS,UNKNOWN,Oyo,1,Present
Ademidun Aderibigbe,08029516129,omoduniifeoluwa@gmail.com,New Life Gospel Church ,UNKNOWN,Oyo,1,Present
Ekundayo Iyanuoluwa,08126691478,omoduniifeoluwa@gmail.com,New Life Gospel Church ,UNKNOWN,Ondo,3,Present
Odeyemi temitope esther,09029035310,Odeyemi temitope 694@,UNKNOWN,UNKNOWN,Unknown,Unknown,Present
Agboola Gloria ,09155086693,omoduniifeoluwa@gmail.com,New Life Gospel Church ,UNKNOWN,Ogun,10,Present
Oladiran Julius ,08149285976,omoduniifeoluwa@gmail.com,New Life Gospel Church  ,UNKNOWN,Ogun,10,Present
Oladiran toyin,07065907522,UNKNOWN,Ikene,UNKNOWN,Ogun,10,Present
HEZEKIAH FAITH RICHARD,08020995837,hezekiahrichard816@gmail.com,New life gospel church oko,ADEKUNLE AJASIN UNIVERSITY AKUNGBA AKOKO ONDO STATE ,Oyo,9,Not Checked In
Usman Enoch,07042841214,omoduniifeoluwa@gmail.com,New Life Gospel Church ,UNKNOWN,Oyo,1,Present
Akinsowon Adeola ,07082860855,akinsowonadeolalizzy@gmail.com,Asabiokin Assembly ,NCE,Osun,3,Present
Olanike Olabiyi,07063349975,omoduniifeoluwa@gmail.com,New Life Gospel Church ,UNKNOWN,Oyo,1,Present
Adejumo Tomiwa,08161653450,Adejumotomiwa0301@gmail.com,CGMi,Fuoye,Osun,4,Present
Adeyanju Marvelous Adedoyin,09130960169,davidadeyanju880@gmail.com,Adekile church ,Lautech aspirant ,Oyo,1,Not Checked In
Olamide Akinola,08109076541,rilwanakinkunmi@gmail.com,New Life Gospel Church COG,UNKNOWN,Osun,6,Present
